{
  "project_info": {
    "project_number": "706046442813",
    "project_id": "deepblue-2621f",
    "storage_bucket": "deepblue-2621f.appspot.com"
  },
  "client": [
    {
      "client_info": {
        "mobilesdk_app_id": "1:706046442813:android:19dca22908057b7afd1954",
        "android_client_info": {
          "package_name": "com.example.userapp"
        }
      },
      "oauth_client": [
        {
          "client_id": "706046442813-e3c1gnruoclj5tuvrg7q314r94vear7n.apps.googleusercontent.com",
          "client_type": 3
        }
      ],
      "api_key": [
        {
          "current_key": "AIzaSyC-tLX6xKIdKkdhxvbrz0f6MV6f1cOXKDE"
        }
      ],
      "services": {
        "appinvite_service": {
          "other_platform_oauth_client": [
            {
              "client_id": "706046442813-e3c1gnruoclj5tuvrg7q314r94vear7n.apps.googleusercontent.com",
              "client_type": 3
            }
          ]
        }
      }
    }
  ],
  "configuration_version": "1"
}